{
    "vit-16-b": {
        "valid": {
            "0.1": {
                "acc": 0.916595458984375,
                "auc": 0.9716766183347968
            },
            "0.2": {
                "acc": 0.916168212890625,
                "auc": 0.9718076555308792
            },
            "0.3": {
                "acc": 0.916107177734375,
                "auc": 0.971899446760772
            },
            "0.4": {
                "acc": 0.91571044921875,
                "auc": 0.9720456291372573
            },
            "0.5": {
                "acc": 0.91571044921875,
                "auc": 0.9717452177504969
            },
            "0.6": {
                "acc": 0.916046142578125,
                "auc": 0.9719600088559165
            },
            "0.7": {
                "acc": 0.916046142578125,
                "auc": 0.9717491535229965
            },
            "0.8": {
                "acc": 0.916168212890625,
                "auc": 0.9718275206580467
            }
        },
        "test": {
            "0.4": {
                "5": {
                    "acc": 0.902313232421875,
                    "auc": 0.971278550448451
                },
                "10": {
                    "acc": 0.9033203125,
                    "auc": 0.971626406944148
                }
            }
        }
    }
}